Prenom;Nom;Email;Mdp;Statut;pp
Gabriel-Victor;Dupre;Gabriel-VictorDupre@cy-tech.fr;ZvtCVygf;eleves;https://t3.ftcdn.net/jpg/03/46/83/96/360_F_346839683_6nAPzbhpSkIpb8pmAwufkC7c5eD7wYws.jpg
Marc;Ribeiro;MarcRibeiro@cy-tech.fr;J6NY8EKq;eleves;https://t3.ftcdn.net/jpg/03/46/83/96/360_F_346839683_6nAPzbhpSkIpb8pmAwufkC7c5eD7wYws.jpg
Susan;Sauvage;SusanSauvage@cy-tech.fr;VNSJwyhA;eleves;https://t3.ftcdn.net/jpg/03/46/83/96/360_F_346839683_6nAPzbhpSkIpb8pmAwufkC7c5eD7wYws.jpg
Denis-Adrien;Alves;Denis-AdrienAlves@cy-tech.fr;W36dJsbn;eleves;https://t3.ftcdn.net/jpg/03/46/83/96/360_F_346839683_6nAPzbhpSkIpb8pmAwufkC7c5eD7wYws.jpg
Michel;Levy;MichelLevy@cy-tech.fr;eU7xAWTi;eleves;https://t3.ftcdn.net/jpg/03/46/83/96/360_F_346839683_6nAPzbhpSkIpb8pmAwufkC7c5eD7wYws.jpg
Adélaïde;Boulay;AdélaïdeBoulay@cy-tech.fr;Ox94LT7w;eleves;https://t3.ftcdn.net/jpg/03/46/83/96/360_F_346839683_6nAPzbhpSkIpb8pmAwufkC7c5eD7wYws.jpg
Marthe;Seguin;MartheSeguin@cy-tech.fr;gmcHe9OQ;eleves;https://t3.ftcdn.net/jpg/03/46/83/96/360_F_346839683_6nAPzbhpSkIpb8pmAwufkC7c5eD7wYws.jpg
Noël;Jacquet;NoëlJacquet@cy-tech.fr;254gj9Q7;eleves;https://t3.ftcdn.net/jpg/03/46/83/96/360_F_346839683_6nAPzbhpSkIpb8pmAwufkC7c5eD7wYws.jpg
Monique;Mallet;MoniqueMallet@cy-tech.fr;kc7wA6yp;eleves;https://t3.ftcdn.net/jpg/03/46/83/96/360_F_346839683_6nAPzbhpSkIpb8pmAwufkC7c5eD7wYws.jpg
Charles;Lamy-Besson;CharlesLamy-Besson@cy-tech.fr;V4dicFf1;eleves;https://t3.ftcdn.net/jpg/03/46/83/96/360_F_346839683_6nAPzbhpSkIpb8pmAwufkC7c5eD7wYws.jpg
François;Herve;FrançoisHerve@cy-tech.fr;N20PjImJ;eleves;https://t3.ftcdn.net/jpg/03/46/83/96/360_F_346839683_6nAPzbhpSkIpb8pmAwufkC7c5eD7wYws.jpg
Marine;Hamel;MarineHamel@cy-tech.fr;cGHPtAID;eleves;https://t3.ftcdn.net/jpg/03/46/83/96/360_F_346839683_6nAPzbhpSkIpb8pmAwufkC7c5eD7wYws.jpg
Caroline;Marie;CarolineMarie@cy-tech.fr;iJuo9RSE;eleves;https://t3.ftcdn.net/jpg/03/46/83/96/360_F_346839683_6nAPzbhpSkIpb8pmAwufkC7c5eD7wYws.jpg
Jeannine;Lemaitre;JeannineLemaitre@cy-tech.fr;oTdFz3bO;eleves;https://t3.ftcdn.net/jpg/03/46/83/96/360_F_346839683_6nAPzbhpSkIpb8pmAwufkC7c5eD7wYws.jpg
Joséphine;Humbert;JoséphineHumbert@cy-tech.fr;wMWUeRQj;eleves;https://t3.ftcdn.net/jpg/03/46/83/96/360_F_346839683_6nAPzbhpSkIpb8pmAwufkC7c5eD7wYws.jpg
Benoît;Lenoir;BenoîtLenoir@cy-tech.fr;WcMTvISy;eleves;https://t3.ftcdn.net/jpg/03/46/83/96/360_F_346839683_6nAPzbhpSkIpb8pmAwufkC7c5eD7wYws.jpg
Pénélope;Marty;PénélopeMarty@cy-tech.fr;PIjMuvcm;eleves;https://t3.ftcdn.net/jpg/03/46/83/96/360_F_346839683_6nAPzbhpSkIpb8pmAwufkC7c5eD7wYws.jpg
Alfred;Ramos;AlfredRamos@cy-tech.fr;6somXCgW;eleves;https://t3.ftcdn.net/jpg/03/46/83/96/360_F_346839683_6nAPzbhpSkIpb8pmAwufkC7c5eD7wYws.jpg
Philippine;Normand;PhilippineNormand@cy-tech.fr;2Ml8p3Ss;eleves;https://t3.ftcdn.net/jpg/03/46/83/96/360_F_346839683_6nAPzbhpSkIpb8pmAwufkC7c5eD7wYws.jpg
Luc;Dufour-Gallet;LucDufour-Gallet@cy-tech.fr;W1bc8edm;eleves;https://t3.ftcdn.net/jpg/03/46/83/96/360_F_346839683_6nAPzbhpSkIpb8pmAwufkC7c5eD7wYws.jpg
Corinne;Gros;CorinneGros@cy-tech.fr;0idx5X2W;eleves;https://t3.ftcdn.net/jpg/03/46/83/96/360_F_346839683_6nAPzbhpSkIpb8pmAwufkC7c5eD7wYws.jpg
Isabelle;Dijoux;IsabelleDijoux@cy-tech.fr;VgGnYwdc;eleves;https://t3.ftcdn.net/jpg/03/46/83/96/360_F_346839683_6nAPzbhpSkIpb8pmAwufkC7c5eD7wYws.jpg
Dominique;Gaillard;DominiqueGaillard@cy-tech.fr;eofcGB6s;eleves;https://t3.ftcdn.net/jpg/03/46/83/96/360_F_346839683_6nAPzbhpSkIpb8pmAwufkC7c5eD7wYws.jpg
Pénélope;Ribeiro;PénélopeRibeiro@cy-tech.fr;NKJQGUmW;eleves;https://t3.ftcdn.net/jpg/03/46/83/96/360_F_346839683_6nAPzbhpSkIpb8pmAwufkC7c5eD7wYws.jpg
Zacharie;Marchal;ZacharieMarchal@cy-tech.fr;c5fDqOBY;eleves;https://t3.ftcdn.net/jpg/03/46/83/96/360_F_346839683_6nAPzbhpSkIpb8pmAwufkC7c5eD7wYws.jpg
Marc;Guillou;MarcGuillou@cy-tech.fr;R0YlU6t3;eleves;https://t3.ftcdn.net/jpg/03/46/83/96/360_F_346839683_6nAPzbhpSkIpb8pmAwufkC7c5eD7wYws.jpg
Benjamin;Masson;BenjaminMasson@cy-tech.fr;DvJXYk6K;eleves;https://t3.ftcdn.net/jpg/03/46/83/96/360_F_346839683_6nAPzbhpSkIpb8pmAwufkC7c5eD7wYws.jpg
Georges;Bonnet;GeorgesBonnet@cy-tech.fr;IOVugo4P;eleves;https://t3.ftcdn.net/jpg/03/46/83/96/360_F_346839683_6nAPzbhpSkIpb8pmAwufkC7c5eD7wYws.jpg
Jérôme;Foucher;JérômeFoucher@cy-tech.fr;Gn6fwANJ;eleves;https://t3.ftcdn.net/jpg/03/46/83/96/360_F_346839683_6nAPzbhpSkIpb8pmAwufkC7c5eD7wYws.jpg
Emmanuelle;Faure;EmmanuelleFaure@cy-tech.fr;fVAXkEpe;eleves;https://t3.ftcdn.net/jpg/03/46/83/96/360_F_346839683_6nAPzbhpSkIpb8pmAwufkC7c5eD7wYws.jpg
David;Louis;DavidLouis@cy-tech.fr;FsSyMUPq;eleves;https://t3.ftcdn.net/jpg/03/46/83/96/360_F_346839683_6nAPzbhpSkIpb8pmAwufkC7c5eD7wYws.jpg
Andrée;Rocher;AndréeRocher@cy-tech.fr;GYsj5xhC;eleves;https://t3.ftcdn.net/jpg/03/46/83/96/360_F_346839683_6nAPzbhpSkIpb8pmAwufkC7c5eD7wYws.jpg
Gérard;Guerin;GérardGuerin@cy-tech.fr;kqAg8UMJ;eleves;https://t3.ftcdn.net/jpg/03/46/83/96/360_F_346839683_6nAPzbhpSkIpb8pmAwufkC7c5eD7wYws.jpg
Caroline;Bailly;CarolineBailly@cy-tech.fr;6T8tLSB3;eleves;https://t3.ftcdn.net/jpg/03/46/83/96/360_F_346839683_6nAPzbhpSkIpb8pmAwufkC7c5eD7wYws.jpg
Christelle;Lucas;ChristelleLucas@cy-tech.fr;DOxIh9MW;eleves;https://t3.ftcdn.net/jpg/03/46/83/96/360_F_346839683_6nAPzbhpSkIpb8pmAwufkC7c5eD7wYws.jpg
Hugues;Morel;HuguesMorel@cy-tech.fr;1KgQ2qUY;eleves;https://t3.ftcdn.net/jpg/03/46/83/96/360_F_346839683_6nAPzbhpSkIpb8pmAwufkC7c5eD7wYws.jpg
Thibault-Charles;Blanc;Thibault-CharlesBlanc@cy-tech.fr;DfnFXJuW;eleves;https://t3.ftcdn.net/jpg/03/46/83/96/360_F_346839683_6nAPzbhpSkIpb8pmAwufkC7c5eD7wYws.jpg
Étienne-Gilbert;Allard;Étienne-GilbertAllard@cy-tech.fr;JmgYi6rB;eleves;https://t3.ftcdn.net/jpg/03/46/83/96/360_F_346839683_6nAPzbhpSkIpb8pmAwufkC7c5eD7wYws.jpg
Zacharie;Bernard;ZacharieBernard@cy-tech.fr;9YO7xAeF;eleves;https://t3.ftcdn.net/jpg/03/46/83/96/360_F_346839683_6nAPzbhpSkIpb8pmAwufkC7c5eD7wYws.jpg
daisy;Lopez;daisyLopez@cy-tech.fr;Jt0NMqVo;eleves;https://t3.ftcdn.net/jpg/03/46/83/96/360_F_346839683_6nAPzbhpSkIpb8pmAwufkC7c5eD7wYws.jpg
Émile-Olivier;Legendre;Émile-OlivierLegendre@cy-tech.fr;uo72ylrn;eleves;https://t3.ftcdn.net/jpg/03/46/83/96/360_F_346839683_6nAPzbhpSkIpb8pmAwufkC7c5eD7wYws.jpg
Claire;Leclerc;ClaireLeclerc@cy-tech.fr;h0mFInps;eleves;https://t3.ftcdn.net/jpg/03/46/83/96/360_F_346839683_6nAPzbhpSkIpb8pmAwufkC7c5eD7wYws.jpg
Raymond;Bonnet;RaymondBonnet@cy-tech.fr;Rvu1Qp5g;eleves;https://t3.ftcdn.net/jpg/03/46/83/96/360_F_346839683_6nAPzbhpSkIpb8pmAwufkC7c5eD7wYws.jpg
Clémence;Leblanc;ClémenceLeblanc@cy-tech.fr;EPwYgRu1;eleves;https://t3.ftcdn.net/jpg/03/46/83/96/360_F_346839683_6nAPzbhpSkIpb8pmAwufkC7c5eD7wYws.jpg
Gilbert;Marin;GilbertMarin@cy-tech.fr;IpbsDPjc;eleves;https://t3.ftcdn.net/jpg/03/46/83/96/360_F_346839683_6nAPzbhpSkIpb8pmAwufkC7c5eD7wYws.jpg
Noémi;Humbert-Barbe;NoémiHumbert-Barbe@cy-tech.fr;ou2NY4CU;eleves;https://t3.ftcdn.net/jpg/03/46/83/96/360_F_346839683_6nAPzbhpSkIpb8pmAwufkC7c5eD7wYws.jpg
Étienne;de;Étiennede@cy-tech.fr;SI5cbvmJ;eleves;https://t3.ftcdn.net/jpg/03/46/83/96/360_F_346839683_6nAPzbhpSkIpb8pmAwufkC7c5eD7wYws.jpg
Philippine;de;Philippinede@cy-tech.fr;3tblN19Y;eleves;https://t3.ftcdn.net/jpg/03/46/83/96/360_F_346839683_6nAPzbhpSkIpb8pmAwufkC7c5eD7wYws.jpg
Juliette;Thibault;JulietteThibault@cy-tech.fr;52adWI1p;eleves;https://t3.ftcdn.net/jpg/03/46/83/96/360_F_346839683_6nAPzbhpSkIpb8pmAwufkC7c5eD7wYws.jpg
François;de;Françoisde@cy-tech.fr;vzHSwEZP;eleves;https://t3.ftcdn.net/jpg/03/46/83/96/360_F_346839683_6nAPzbhpSkIpb8pmAwufkC7c5eD7wYws.jpg
Léon;du;Léondu@cy-tech.fr;kel8xInZ;eleves;https://t3.ftcdn.net/jpg/03/46/83/96/360_F_346839683_6nAPzbhpSkIpb8pmAwufkC7c5eD7wYws.jpg
Maurice;Alves;MauriceAlves@cy-tech.fr;OrnUgiNh;eleves;https://t3.ftcdn.net/jpg/03/46/83/96/360_F_346839683_6nAPzbhpSkIpb8pmAwufkC7c5eD7wYws.jpg
Marie;Blanc;MarieBlanc@cy-tech.fr;5QENmZfv;eleves;https://t3.ftcdn.net/jpg/03/46/83/96/360_F_346839683_6nAPzbhpSkIpb8pmAwufkC7c5eD7wYws.jpg
Denise-Alexandrie;Clement;Denise-AlexandrieClement@cy-tech.fr;4w7gqNpL;eleves;https://t3.ftcdn.net/jpg/03/46/83/96/360_F_346839683_6nAPzbhpSkIpb8pmAwufkC7c5eD7wYws.jpg
Luc;Ribeiro;LucRibeiro@cy-tech.fr;Qj6i5cCa;eleves;https://t3.ftcdn.net/jpg/03/46/83/96/360_F_346839683_6nAPzbhpSkIpb8pmAwufkC7c5eD7wYws.jpg
Charlotte;du;Charlottedu@cy-tech.fr;NaVicJq9;eleves;https://t3.ftcdn.net/jpg/03/46/83/96/360_F_346839683_6nAPzbhpSkIpb8pmAwufkC7c5eD7wYws.jpg
Michèle;du;Michèledu@cy-tech.fr;PqQLMSsf;eleves;https://t3.ftcdn.net/jpg/03/46/83/96/360_F_346839683_6nAPzbhpSkIpb8pmAwufkC7c5eD7wYws.jpg
Hortense;Maillet;HortenseMaillet@cy-tech.fr;baKl7jMC;eleves;https://t3.ftcdn.net/jpg/03/46/83/96/360_F_346839683_6nAPzbhpSkIpb8pmAwufkC7c5eD7wYws.jpg
Françoise;Chauveau;FrançoiseChauveau@cy-tech.fr;6VrTO1cn;eleves;https://t3.ftcdn.net/jpg/03/46/83/96/360_F_346839683_6nAPzbhpSkIpb8pmAwufkC7c5eD7wYws.jpg
Jeanne;Le;JeanneLe@cy-tech.fr;mKn83qe9;eleves;https://t3.ftcdn.net/jpg/03/46/83/96/360_F_346839683_6nAPzbhpSkIpb8pmAwufkC7c5eD7wYws.jpg
Louis;Giraud;LouisGiraud@cy-tech.fr;f8vku7Fa;eleves;https://t3.ftcdn.net/jpg/03/46/83/96/360_F_346839683_6nAPzbhpSkIpb8pmAwufkC7c5eD7wYws.jpg
Hugues;Lemaire;HuguesLemaire@cy-tech.fr;JjQ6OGHo;eleves;https://t3.ftcdn.net/jpg/03/46/83/96/360_F_346839683_6nAPzbhpSkIpb8pmAwufkC7c5eD7wYws.jpg
Yves;Roy-Perret;YvesRoy-Perret@cy-tech.fr;WuUAScq8;eleves;https://t3.ftcdn.net/jpg/03/46/83/96/360_F_346839683_6nAPzbhpSkIpb8pmAwufkC7c5eD7wYws.jpg
Isaac;Riou;IsaacRiou@cy-tech.fr;TXbQjhIF;eleves;https://t3.ftcdn.net/jpg/03/46/83/96/360_F_346839683_6nAPzbhpSkIpb8pmAwufkC7c5eD7wYws.jpg
Daniel;Mace-Carre;DanielMace-Carre@cy-tech.fr;ocNgKXd7;eleves;https://t3.ftcdn.net/jpg/03/46/83/96/360_F_346839683_6nAPzbhpSkIpb8pmAwufkC7c5eD7wYws.jpg
Laurence;Normand;LaurenceNormand@cy-tech.fr;N71x5icU;eleves;https://t3.ftcdn.net/jpg/03/46/83/96/360_F_346839683_6nAPzbhpSkIpb8pmAwufkC7c5eD7wYws.jpg
Antoine;Etienne;AntoineEtienne@cy-tech.fr;xDkz4GsP;eleves;https://t3.ftcdn.net/jpg/03/46/83/96/360_F_346839683_6nAPzbhpSkIpb8pmAwufkC7c5eD7wYws.jpg
Éric;Le;ÉricLe@cy-tech.fr;9nsrzwiy;eleves;https://t3.ftcdn.net/jpg/03/46/83/96/360_F_346839683_6nAPzbhpSkIpb8pmAwufkC7c5eD7wYws.jpg
Lucas;Rolland;LucasRolland@cy-tech.fr;oEQWcR8I;eleves;https://t3.ftcdn.net/jpg/03/46/83/96/360_F_346839683_6nAPzbhpSkIpb8pmAwufkC7c5eD7wYws.jpg
Frédérique;Barre-Vallee;FrédériqueBarre-Vallee@cy-tech.fr;NHVGO2xS;eleves;https://t3.ftcdn.net/jpg/03/46/83/96/360_F_346839683_6nAPzbhpSkIpb8pmAwufkC7c5eD7wYws.jpg
Laurence;Bailly;LaurenceBailly@cy-tech.fr;10EWNrnt;eleves;https://t3.ftcdn.net/jpg/03/46/83/96/360_F_346839683_6nAPzbhpSkIpb8pmAwufkC7c5eD7wYws.jpg
Noémi;Evrard;NoémiEvrard@cy-tech.fr;tYs57rcP;eleves;https://t3.ftcdn.net/jpg/03/46/83/96/360_F_346839683_6nAPzbhpSkIpb8pmAwufkC7c5eD7wYws.jpg
Thibault;Faivre;ThibaultFaivre@cy-tech.fr;nTb6r5YC;eleves;https://t3.ftcdn.net/jpg/03/46/83/96/360_F_346839683_6nAPzbhpSkIpb8pmAwufkC7c5eD7wYws.jpg
Suzanne;de;Suzannede@cy-tech.fr;VbBMv3ec;eleves;https://t3.ftcdn.net/jpg/03/46/83/96/360_F_346839683_6nAPzbhpSkIpb8pmAwufkC7c5eD7wYws.jpg
Eugène;Dumas;EugèneDumas@cy-tech.fr;7d8o52Hw;eleves;https://t3.ftcdn.net/jpg/03/46/83/96/360_F_346839683_6nAPzbhpSkIpb8pmAwufkC7c5eD7wYws.jpg
Michelle;Vidal;MichelleVidal@cy-tech.fr;Wsvh6ipb;eleves;https://t3.ftcdn.net/jpg/03/46/83/96/360_F_346839683_6nAPzbhpSkIpb8pmAwufkC7c5eD7wYws.jpg
René;Gomez;RenéGomez@cy-tech.fr;rhMpWx7O;eleves;https://t3.ftcdn.net/jpg/03/46/83/96/360_F_346839683_6nAPzbhpSkIpb8pmAwufkC7c5eD7wYws.jpg
Denise;Lebreton;DeniseLebreton@cy-tech.fr;LPRlf2ve;eleves;https://t3.ftcdn.net/jpg/03/46/83/96/360_F_346839683_6nAPzbhpSkIpb8pmAwufkC7c5eD7wYws.jpg
David;Godard-Clerc;DavidGodard-Clerc@cy-tech.fr;c0Lo3utC;eleves;https://t3.ftcdn.net/jpg/03/46/83/96/360_F_346839683_6nAPzbhpSkIpb8pmAwufkC7c5eD7wYws.jpg
François;Leroux;FrançoisLeroux@cy-tech.fr;ncxOThgy;eleves;https://t3.ftcdn.net/jpg/03/46/83/96/360_F_346839683_6nAPzbhpSkIpb8pmAwufkC7c5eD7wYws.jpg
Célina;Cordier;CélinaCordier@cy-tech.fr;faU5Lkhd;eleves;https://t3.ftcdn.net/jpg/03/46/83/96/360_F_346839683_6nAPzbhpSkIpb8pmAwufkC7c5eD7wYws.jpg
Marcelle;Turpin;MarcelleTurpin@cy-tech.fr;cnFgL8b0;eleves;https://t3.ftcdn.net/jpg/03/46/83/96/360_F_346839683_6nAPzbhpSkIpb8pmAwufkC7c5eD7wYws.jpg
Benjamin;Guillou;BenjaminGuillou@cy-tech.fr;Qa8Sx1jr;eleves;https://t3.ftcdn.net/jpg/03/46/83/96/360_F_346839683_6nAPzbhpSkIpb8pmAwufkC7c5eD7wYws.jpg
Lucas;Renault-Jean;LucasRenault-Jean@cy-tech.fr;g68hQxce;eleves;https://t3.ftcdn.net/jpg/03/46/83/96/360_F_346839683_6nAPzbhpSkIpb8pmAwufkC7c5eD7wYws.jpg
Gabriel;du;Gabrieldu@cy-tech.fr;L1CE6nYe;eleves;https://t3.ftcdn.net/jpg/03/46/83/96/360_F_346839683_6nAPzbhpSkIpb8pmAwufkC7c5eD7wYws.jpg
Anaïs;de;Anaïsde@cy-tech.fr;FZzoOncR;eleves;https://t3.ftcdn.net/jpg/03/46/83/96/360_F_346839683_6nAPzbhpSkIpb8pmAwufkC7c5eD7wYws.jpg
Agathe;Techer;AgatheTecher@cy-tech.fr;ufz9E3d2;eleves;https://t3.ftcdn.net/jpg/03/46/83/96/360_F_346839683_6nAPzbhpSkIpb8pmAwufkC7c5eD7wYws.jpg
Étienne;du;Étiennedu@cy-tech.fr;iWfdInpq;eleves;https://t3.ftcdn.net/jpg/03/46/83/96/360_F_346839683_6nAPzbhpSkIpb8pmAwufkC7c5eD7wYws.jpg
Andrée;Richard;AndréeRichard@cy-tech.fr;u9cqg25y;eleves;https://t3.ftcdn.net/jpg/03/46/83/96/360_F_346839683_6nAPzbhpSkIpb8pmAwufkC7c5eD7wYws.jpg
Antoinette;Chevallier;AntoinetteChevallier@cy-tech.fr;T3X4iBhG;eleves;https://t3.ftcdn.net/jpg/03/46/83/96/360_F_346839683_6nAPzbhpSkIpb8pmAwufkC7c5eD7wYws.jpg
Alphonse;Le;AlphonseLe@cy-tech.fr;vjcU5tsN;eleves;https://t3.ftcdn.net/jpg/03/46/83/96/360_F_346839683_6nAPzbhpSkIpb8pmAwufkC7c5eD7wYws.jpg
Lucas;Maillard;LucasMaillard@cy-tech.fr;80WhVvKA;eleves;https://t3.ftcdn.net/jpg/03/46/83/96/360_F_346839683_6nAPzbhpSkIpb8pmAwufkC7c5eD7wYws.jpg
André;Leleu;AndréLeleu@cy-tech.fr;29eRIF5x;eleves;https://t3.ftcdn.net/jpg/03/46/83/96/360_F_346839683_6nAPzbhpSkIpb8pmAwufkC7c5eD7wYws.jpg
Emmanuel;Riou;EmmanuelRiou@cy-tech.fr;dJ6Nxzu5;eleves;https://t3.ftcdn.net/jpg/03/46/83/96/360_F_346839683_6nAPzbhpSkIpb8pmAwufkC7c5eD7wYws.jpg
David;Lesage;DavidLesage@cy-tech.fr;pOfdASt9;eleves;https://t3.ftcdn.net/jpg/03/46/83/96/360_F_346839683_6nAPzbhpSkIpb8pmAwufkC7c5eD7wYws.jpg
Grégoire;Dubois;GrégoireDubois@cy-tech.fr;EAL10CD7;eleves;https://t3.ftcdn.net/jpg/03/46/83/96/360_F_346839683_6nAPzbhpSkIpb8pmAwufkC7c5eD7wYws.jpg
Paulette;Leclercq;PauletteLeclercq@cy-tech.fr;Kqsvj1QP;eleves;https://t3.ftcdn.net/jpg/03/46/83/96/360_F_346839683_6nAPzbhpSkIpb8pmAwufkC7c5eD7wYws.jpg
Thierry;Faure;ThierryFaure@cy-tech.fr;DHWAFMdk;eleves;https://t3.ftcdn.net/jpg/03/46/83/96/360_F_346839683_6nAPzbhpSkIpb8pmAwufkC7c5eD7wYws.jpg
Pierre;Boyer;PierreBoyer@cy-tech.fr;MNUmbfY0;eleves;https://t3.ftcdn.net/jpg/03/46/83/96/360_F_346839683_6nAPzbhpSkIpb8pmAwufkC7c5eD7wYws.jpg
Éric;Benard-Charpentier;ÉricBenard-Charpentier@cy-tech.fr;UCv4PlFb;eleves;https://t3.ftcdn.net/jpg/03/46/83/96/360_F_346839683_6nAPzbhpSkIpb8pmAwufkC7c5eD7wYws.jpg
Marcelle;Gauthier-Martineau;MarcelleGauthier-Martineau@cy-tech.fr;nopOesiR;eleves;https://t3.ftcdn.net/jpg/03/46/83/96/360_F_346839683_6nAPzbhpSkIpb8pmAwufkC7c5eD7wYws.jpg
Christiane;Delmas;ChristianeDelmas@cy-tech.fr;EV1iZDCu;eleves;https://t3.ftcdn.net/jpg/03/46/83/96/360_F_346839683_6nAPzbhpSkIpb8pmAwufkC7c5eD7wYws.jpg
Corinne;Cousin;CorinneCousin@cy-tech.fr;Zv7ykUNj;eleves;https://t3.ftcdn.net/jpg/03/46/83/96/360_F_346839683_6nAPzbhpSkIpb8pmAwufkC7c5eD7wYws.jpg
William;du;Williamdu@cy-tech.fr;Dz5g41cB;eleves;https://t3.ftcdn.net/jpg/03/46/83/96/360_F_346839683_6nAPzbhpSkIpb8pmAwufkC7c5eD7wYws.jpg
Renée;Maurice;RenéeMaurice@cy-tech.fr;stNAhT91;eleves;https://t3.ftcdn.net/jpg/03/46/83/96/360_F_346839683_6nAPzbhpSkIpb8pmAwufkC7c5eD7wYws.jpg
Zacharie;Weber;ZacharieWeber@cy-tech.fr;hV7E5GMC;eleves;https://t3.ftcdn.net/jpg/03/46/83/96/360_F_346839683_6nAPzbhpSkIpb8pmAwufkC7c5eD7wYws.jpg
Louis;Rousseau;LouisRousseau@cy-tech.fr;0cjx4awY;eleves;https://t3.ftcdn.net/jpg/03/46/83/96/360_F_346839683_6nAPzbhpSkIpb8pmAwufkC7c5eD7wYws.jpg
Philippe;Hamel;PhilippeHamel@cy-tech.fr;GrAUoZDO;eleves;https://t3.ftcdn.net/jpg/03/46/83/96/360_F_346839683_6nAPzbhpSkIpb8pmAwufkC7c5eD7wYws.jpg
Élise;Mercier;ÉliseMercier@cy-tech.fr;uGey03cM;eleves;https://t3.ftcdn.net/jpg/03/46/83/96/360_F_346839683_6nAPzbhpSkIpb8pmAwufkC7c5eD7wYws.jpg
Bernard;Chauvet;BernardChauvet@cy-tech.fr;qeodumyb;eleves;https://t3.ftcdn.net/jpg/03/46/83/96/360_F_346839683_6nAPzbhpSkIpb8pmAwufkC7c5eD7wYws.jpg
Théodore;Pasquier;ThéodorePasquier@cy-tech.fr;wVfug8lv;eleves;https://t3.ftcdn.net/jpg/03/46/83/96/360_F_346839683_6nAPzbhpSkIpb8pmAwufkC7c5eD7wYws.jpg
Adèle;Begue;AdèleBegue@cy-tech.fr;b3LgHX2j;eleves;https://t3.ftcdn.net/jpg/03/46/83/96/360_F_346839683_6nAPzbhpSkIpb8pmAwufkC7c5eD7wYws.jpg
Adrien;Dumont;AdrienDumont@cy-tech.fr;HQcoBmWw;eleves;https://t3.ftcdn.net/jpg/03/46/83/96/360_F_346839683_6nAPzbhpSkIpb8pmAwufkC7c5eD7wYws.jpg
Gilbert;Ferrand-Texier;GilbertFerrand-Texier@cy-tech.fr;TSVkzgIa;eleves;https://t3.ftcdn.net/jpg/03/46/83/96/360_F_346839683_6nAPzbhpSkIpb8pmAwufkC7c5eD7wYws.jpg
Anastasie;Rocher;AnastasieRocher@cy-tech.fr;kt36AqGW;eleves;https://t3.ftcdn.net/jpg/03/46/83/96/360_F_346839683_6nAPzbhpSkIpb8pmAwufkC7c5eD7wYws.jpg
Franck;Le;FranckLe@cy-tech.fr;vDX1aEpJ;eleves;https://t3.ftcdn.net/jpg/03/46/83/96/360_F_346839683_6nAPzbhpSkIpb8pmAwufkC7c5eD7wYws.jpg
Michel;Renault;MichelRenault@cy-tech.fr;zCxsdlPw;eleves;https://t3.ftcdn.net/jpg/03/46/83/96/360_F_346839683_6nAPzbhpSkIpb8pmAwufkC7c5eD7wYws.jpg
Margaud-Laure;Wagner;Margaud-LaureWagner@cy-tech.fr;uQVOGTyv;eleves;https://t3.ftcdn.net/jpg/03/46/83/96/360_F_346839683_6nAPzbhpSkIpb8pmAwufkC7c5eD7wYws.jpg
Suzanne;de;Suzannede@cy-tech.fr;4Xp25EeD;eleves;https://t3.ftcdn.net/jpg/03/46/83/96/360_F_346839683_6nAPzbhpSkIpb8pmAwufkC7c5eD7wYws.jpg
David;Ferrand;DavidFerrand@cy-tech.fr;JCQXnaol;eleves;https://t3.ftcdn.net/jpg/03/46/83/96/360_F_346839683_6nAPzbhpSkIpb8pmAwufkC7c5eD7wYws.jpg
François;Duhamel;FrançoisDuhamel@cy-tech.fr;2cJMxI6e;eleves;https://t3.ftcdn.net/jpg/03/46/83/96/360_F_346839683_6nAPzbhpSkIpb8pmAwufkC7c5eD7wYws.jpg
Franck;Blot-Barbier;FranckBlot-Barbier@cy-tech.fr;uEyzB6Lh;eleves;https://t3.ftcdn.net/jpg/03/46/83/96/360_F_346839683_6nAPzbhpSkIpb8pmAwufkC7c5eD7wYws.jpg
Benjamin;Martins;BenjaminMartins@cy-tech.fr;5xMPTlZN;eleves;https://t3.ftcdn.net/jpg/03/46/83/96/360_F_346839683_6nAPzbhpSkIpb8pmAwufkC7c5eD7wYws.jpg
Hugues;du;Huguesdu@cy-tech.fr;3nV6stoM;eleves;https://t3.ftcdn.net/jpg/03/46/83/96/360_F_346839683_6nAPzbhpSkIpb8pmAwufkC7c5eD7wYws.jpg
Joséphine;Pons-Alves;JoséphinePons-Alves@cy-tech.fr;lyO5Swph;eleves;https://t3.ftcdn.net/jpg/03/46/83/96/360_F_346839683_6nAPzbhpSkIpb8pmAwufkC7c5eD7wYws.jpg
Diane;Martin;DianeMartin@cy-tech.fr;xuEyUCpK;eleves;https://t3.ftcdn.net/jpg/03/46/83/96/360_F_346839683_6nAPzbhpSkIpb8pmAwufkC7c5eD7wYws.jpg
Auguste;Fournier;AugusteFournier@cy-tech.fr;AMZjTu81;eleves;https://t3.ftcdn.net/jpg/03/46/83/96/360_F_346839683_6nAPzbhpSkIpb8pmAwufkC7c5eD7wYws.jpg
Théodore;Louis;ThéodoreLouis@cy-tech.fr;zRTsnxdi;eleves;https://t3.ftcdn.net/jpg/03/46/83/96/360_F_346839683_6nAPzbhpSkIpb8pmAwufkC7c5eD7wYws.jpg
Chantal;Joubert;ChantalJoubert@cy-tech.fr;VXTwPIch;eleves;https://t3.ftcdn.net/jpg/03/46/83/96/360_F_346839683_6nAPzbhpSkIpb8pmAwufkC7c5eD7wYws.jpg
Inès;Bouvet;InèsBouvet@cy-tech.fr;ARwDEJbl;eleves;https://t3.ftcdn.net/jpg/03/46/83/96/360_F_346839683_6nAPzbhpSkIpb8pmAwufkC7c5eD7wYws.jpg
Sylvie;Le;SylvieLe@cy-tech.fr;jT3fJtCZ;eleves;https://t3.ftcdn.net/jpg/03/46/83/96/360_F_346839683_6nAPzbhpSkIpb8pmAwufkC7c5eD7wYws.jpg
Anouk-Pénélope;Ollivier;Anouk-PénélopeOllivier@cy-tech.fr;OPC5YThr;eleves;https://t3.ftcdn.net/jpg/03/46/83/96/360_F_346839683_6nAPzbhpSkIpb8pmAwufkC7c5eD7wYws.jpg
Olivie;Evrard;OlivieEvrard@cy-tech.fr;hudXyYwz;eleves;https://t3.ftcdn.net/jpg/03/46/83/96/360_F_346839683_6nAPzbhpSkIpb8pmAwufkC7c5eD7wYws.jpg
Augustin;Roche;AugustinRoche@cy-tech.fr;Bei9GVZp;eleves;https://t3.ftcdn.net/jpg/03/46/83/96/360_F_346839683_6nAPzbhpSkIpb8pmAwufkC7c5eD7wYws.jpg
Marcelle;du;Marcelledu@cy-tech.fr;0U3mqr8T;eleves;https://t3.ftcdn.net/jpg/03/46/83/96/360_F_346839683_6nAPzbhpSkIpb8pmAwufkC7c5eD7wYws.jpg
Antoine;Loiseau;AntoineLoiseau@cy-tech.fr;9QLZ8ukH;eleves;https://t3.ftcdn.net/jpg/03/46/83/96/360_F_346839683_6nAPzbhpSkIpb8pmAwufkC7c5eD7wYws.jpg
Jérôme;Pottier;JérômePottier@cy-tech.fr;ht1YJwAp;eleves;https://t3.ftcdn.net/jpg/03/46/83/96/360_F_346839683_6nAPzbhpSkIpb8pmAwufkC7c5eD7wYws.jpg
Julie;Lesage;JulieLesage@cy-tech.fr;9RNkM5ah;eleves;https://t3.ftcdn.net/jpg/03/46/83/96/360_F_346839683_6nAPzbhpSkIpb8pmAwufkC7c5eD7wYws.jpg
Jacques;Guibert;JacquesGuibert@cy-tech.fr;qMKBPHGy;eleves;https://t3.ftcdn.net/jpg/03/46/83/96/360_F_346839683_6nAPzbhpSkIpb8pmAwufkC7c5eD7wYws.jpg
Paulette-Valérie;Albert;Paulette-ValérieAlbert@cy-tech.fr;MjSGm3dq;eleves;https://t3.ftcdn.net/jpg/03/46/83/96/360_F_346839683_6nAPzbhpSkIpb8pmAwufkC7c5eD7wYws.jpg
Antoine;Lefort-Letellier;AntoineLefort-Letellier@cy-tech.fr;w5dNEPK2;eleves;https://t3.ftcdn.net/jpg/03/46/83/96/360_F_346839683_6nAPzbhpSkIpb8pmAwufkC7c5eD7wYws.jpg
Josette;de;Josettede@cy-tech.fr;ytlNoGvQ;eleves;https://t3.ftcdn.net/jpg/03/46/83/96/360_F_346839683_6nAPzbhpSkIpb8pmAwufkC7c5eD7wYws.jpg
Pénélope;Deschamps;PénélopeDeschamps@cy-tech.fr;FBkHh0LW;eleves;https://t3.ftcdn.net/jpg/03/46/83/96/360_F_346839683_6nAPzbhpSkIpb8pmAwufkC7c5eD7wYws.jpg
Thérèse;Meyer;ThérèseMeyer@cy-tech.fr;caYGPI6x;eleves;https://t3.ftcdn.net/jpg/03/46/83/96/360_F_346839683_6nAPzbhpSkIpb8pmAwufkC7c5eD7wYws.jpg
Marcel;Guyot;MarcelGuyot@cy-tech.fr;3aVokOAu;eleves;https://t3.ftcdn.net/jpg/03/46/83/96/360_F_346839683_6nAPzbhpSkIpb8pmAwufkC7c5eD7wYws.jpg
Daniel;Bernard;DanielBernard@cy-tech.fr;2ZUIsqNX;eleves;https://t3.ftcdn.net/jpg/03/46/83/96/360_F_346839683_6nAPzbhpSkIpb8pmAwufkC7c5eD7wYws.jpg
Julie;Fernandez;JulieFernandez@cy-tech.fr;Qkzx68Fm;eleves;https://t3.ftcdn.net/jpg/03/46/83/96/360_F_346839683_6nAPzbhpSkIpb8pmAwufkC7c5eD7wYws.jpg
Hugues;Lesage;HuguesLesage@cy-tech.fr;xNF5OIDr;eleves;https://t3.ftcdn.net/jpg/03/46/83/96/360_F_346839683_6nAPzbhpSkIpb8pmAwufkC7c5eD7wYws.jpg
Zoé;Guibert-Huet;ZoéGuibert-Huet@cy-tech.fr;tL5rTwbB;eleves;https://t3.ftcdn.net/jpg/03/46/83/96/360_F_346839683_6nAPzbhpSkIpb8pmAwufkC7c5eD7wYws.jpg
Augustin;Gauthier;AugustinGauthier@cy-tech.fr;YKsRSL19;eleves;https://t3.ftcdn.net/jpg/03/46/83/96/360_F_346839683_6nAPzbhpSkIpb8pmAwufkC7c5eD7wYws.jpg
Luce;Le;LuceLe@cy-tech.fr;O70MgAXJ;eleves;https://t3.ftcdn.net/jpg/03/46/83/96/360_F_346839683_6nAPzbhpSkIpb8pmAwufkC7c5eD7wYws.jpg
Stéphane;Boulanger;StéphaneBoulanger@cy-tech.fr;kbQX6eNM;eleves;https://t3.ftcdn.net/jpg/03/46/83/96/360_F_346839683_6nAPzbhpSkIpb8pmAwufkC7c5eD7wYws.jpg
Alfred;Loiseau;AlfredLoiseau@cy-tech.fr;9p85cXQk;eleves;https://t3.ftcdn.net/jpg/03/46/83/96/360_F_346839683_6nAPzbhpSkIpb8pmAwufkC7c5eD7wYws.jpg
Brigitte;Le;BrigitteLe@cy-tech.fr;5mnNTXF9;eleves;https://t3.ftcdn.net/jpg/03/46/83/96/360_F_346839683_6nAPzbhpSkIpb8pmAwufkC7c5eD7wYws.jpg
Alice;Guillot;AliceGuillot@cy-tech.fr;gfL9sXoT;eleves;https://t3.ftcdn.net/jpg/03/46/83/96/360_F_346839683_6nAPzbhpSkIpb8pmAwufkC7c5eD7wYws.jpg
Lucy;Le;LucyLe@cy-tech.fr;OhjRZtxq;eleves;https://t3.ftcdn.net/jpg/03/46/83/96/360_F_346839683_6nAPzbhpSkIpb8pmAwufkC7c5eD7wYws.jpg
Madeleine;Charpentier-Leroux;MadeleineCharpentier-Leroux@cy-tech.fr;AVI9F4ns;eleves;https://t3.ftcdn.net/jpg/03/46/83/96/360_F_346839683_6nAPzbhpSkIpb8pmAwufkC7c5eD7wYws.jpg
Emmanuel;du;Emmanueldu@cy-tech.fr;U3wmCLWh;eleves;https://t3.ftcdn.net/jpg/03/46/83/96/360_F_346839683_6nAPzbhpSkIpb8pmAwufkC7c5eD7wYws.jpg
Bernard;de;Bernardde@cy-tech.fr;VzcTe1pE;eleves;https://t3.ftcdn.net/jpg/03/46/83/96/360_F_346839683_6nAPzbhpSkIpb8pmAwufkC7c5eD7wYws.jpg
Céline;Auger;CélineAuger@cy-tech.fr;OIo2Qlsz;eleves;https://t3.ftcdn.net/jpg/03/46/83/96/360_F_346839683_6nAPzbhpSkIpb8pmAwufkC7c5eD7wYws.jpg
Auguste;Picard;AugustePicard@cy-tech.fr;iqkVRdGI;eleves;https://t3.ftcdn.net/jpg/03/46/83/96/360_F_346839683_6nAPzbhpSkIpb8pmAwufkC7c5eD7wYws.jpg
Augustin;Allain;AugustinAllain@cy-tech.fr;EWDpzjy9;eleves;https://t3.ftcdn.net/jpg/03/46/83/96/360_F_346839683_6nAPzbhpSkIpb8pmAwufkC7c5eD7wYws.jpg
Aurore;Pichon;AurorePichon@cy-tech.fr;4dYzeiDT;eleves;https://t3.ftcdn.net/jpg/03/46/83/96/360_F_346839683_6nAPzbhpSkIpb8pmAwufkC7c5eD7wYws.jpg
Danielle-Joséphine;Bruneau;Danielle-JoséphineBruneau@cy-tech.fr;znlh274B;eleves;https://t3.ftcdn.net/jpg/03/46/83/96/360_F_346839683_6nAPzbhpSkIpb8pmAwufkC7c5eD7wYws.jpg
Océane;Nguyen;OcéaneNguyen@cy-tech.fr;wBC846e3;eleves;https://t3.ftcdn.net/jpg/03/46/83/96/360_F_346839683_6nAPzbhpSkIpb8pmAwufkC7c5eD7wYws.jpg
Alexandre;Perret;AlexandrePerret@cy-tech.fr;S1AZyjfs;eleves;https://t3.ftcdn.net/jpg/03/46/83/96/360_F_346839683_6nAPzbhpSkIpb8pmAwufkC7c5eD7wYws.jpg
Gabrielle;Vasseur;GabrielleVasseur@cy-tech.fr;tPFyjVKR;eleves;https://t3.ftcdn.net/jpg/03/46/83/96/360_F_346839683_6nAPzbhpSkIpb8pmAwufkC7c5eD7wYws.jpg
Pierre;Mary;PierreMary@cy-tech.fr;BqYt0Mwa;eleves;https://t3.ftcdn.net/jpg/03/46/83/96/360_F_346839683_6nAPzbhpSkIpb8pmAwufkC7c5eD7wYws.jpg
Michelle;Guibert;MichelleGuibert@cy-tech.fr;8g7axBDJ;eleves;https://t3.ftcdn.net/jpg/03/46/83/96/360_F_346839683_6nAPzbhpSkIpb8pmAwufkC7c5eD7wYws.jpg
Marguerite;de;Margueritede@cy-tech.fr;Ccv0g1eb;eleves;https://t3.ftcdn.net/jpg/03/46/83/96/360_F_346839683_6nAPzbhpSkIpb8pmAwufkC7c5eD7wYws.jpg
Victor;Vasseur;VictorVasseur@cy-tech.fr;pVCPUwRh;eleves;https://t3.ftcdn.net/jpg/03/46/83/96/360_F_346839683_6nAPzbhpSkIpb8pmAwufkC7c5eD7wYws.jpg
Simone-Gabrielle;Bonnet;Simone-GabrielleBonnet@cy-tech.fr;9y4BQaOq;eleves;https://t3.ftcdn.net/jpg/03/46/83/96/360_F_346839683_6nAPzbhpSkIpb8pmAwufkC7c5eD7wYws.jpg
Adrien-Xavier;Menard;Adrien-XavierMenard@cy-tech.fr;lLzwGnbr;eleves;https://t3.ftcdn.net/jpg/03/46/83/96/360_F_346839683_6nAPzbhpSkIpb8pmAwufkC7c5eD7wYws.jpg
Marcel;Carlier;MarcelCarlier@cy-tech.fr;SKdBGRxC;eleves;https://t3.ftcdn.net/jpg/03/46/83/96/360_F_346839683_6nAPzbhpSkIpb8pmAwufkC7c5eD7wYws.jpg
Zacharie;Muller;ZacharieMuller@cy-tech.fr;JZx8aE2R;eleves;https://t3.ftcdn.net/jpg/03/46/83/96/360_F_346839683_6nAPzbhpSkIpb8pmAwufkC7c5eD7wYws.jpg
Andrée;Mendes;AndréeMendes@cy-tech.fr;V47Y8x6m;eleves;https://t3.ftcdn.net/jpg/03/46/83/96/360_F_346839683_6nAPzbhpSkIpb8pmAwufkC7c5eD7wYws.jpg
Auguste;Clerc-Maillard;AugusteClerc-Maillard@cy-tech.fr;k4swoiXO;eleves;https://t3.ftcdn.net/jpg/03/46/83/96/360_F_346839683_6nAPzbhpSkIpb8pmAwufkC7c5eD7wYws.jpg
Léon;Maillard;LéonMaillard@cy-tech.fr;JOrid3b0;eleves;https://t3.ftcdn.net/jpg/03/46/83/96/360_F_346839683_6nAPzbhpSkIpb8pmAwufkC7c5eD7wYws.jpg
Jeanne;Poulain;JeannePoulain@cy-tech.fr;3ZajmYQh;eleves;https://t3.ftcdn.net/jpg/03/46/83/96/360_F_346839683_6nAPzbhpSkIpb8pmAwufkC7c5eD7wYws.jpg
François;Thomas;FrançoisThomas@cy-tech.fr;Vj2LEx76;eleves;https://t3.ftcdn.net/jpg/03/46/83/96/360_F_346839683_6nAPzbhpSkIpb8pmAwufkC7c5eD7wYws.jpg
André;Bouvier;AndréBouvier@cy-tech.fr;8u4i6q5v;eleves;https://t3.ftcdn.net/jpg/03/46/83/96/360_F_346839683_6nAPzbhpSkIpb8pmAwufkC7c5eD7wYws.jpg
Monique;Lecomte;MoniqueLecomte@cy-tech.fr;PFy8lUMI;eleves;https://t3.ftcdn.net/jpg/03/46/83/96/360_F_346839683_6nAPzbhpSkIpb8pmAwufkC7c5eD7wYws.jpg
Gérard;Dufour;GérardDufour@cy-tech.fr;4iVbaXCk;eleves;https://t3.ftcdn.net/jpg/03/46/83/96/360_F_346839683_6nAPzbhpSkIpb8pmAwufkC7c5eD7wYws.jpg
William;Andre;WilliamAndre@cy-tech.fr;K6ldcpgZ;eleves;https://t3.ftcdn.net/jpg/03/46/83/96/360_F_346839683_6nAPzbhpSkIpb8pmAwufkC7c5eD7wYws.jpg
Gabriel;Blanchet;GabrielBlanchet@cy-tech.fr;PwuMJer4;eleves;https://t3.ftcdn.net/jpg/03/46/83/96/360_F_346839683_6nAPzbhpSkIpb8pmAwufkC7c5eD7wYws.jpg
Frédérique;Maillot-Guyot;FrédériqueMaillot-Guyot@cy-tech.fr;emHcCtrk;eleves;https://t3.ftcdn.net/jpg/03/46/83/96/360_F_346839683_6nAPzbhpSkIpb8pmAwufkC7c5eD7wYws.jpg
Gilbert;Deschamps;GilbertDeschamps@cy-tech.fr;aI1SdoUw;eleves;https://t3.ftcdn.net/jpg/03/46/83/96/360_F_346839683_6nAPzbhpSkIpb8pmAwufkC7c5eD7wYws.jpg
Élisabeth;Blondel;ÉlisabethBlondel@cy-tech.fr;gn7XBkHJ;eleves;https://t3.ftcdn.net/jpg/03/46/83/96/360_F_346839683_6nAPzbhpSkIpb8pmAwufkC7c5eD7wYws.jpg
Henriette-Marthe;Tanguy;Henriette-MartheTanguy@cy-tech.fr;foHsZpA5;eleves;https://t3.ftcdn.net/jpg/03/46/83/96/360_F_346839683_6nAPzbhpSkIpb8pmAwufkC7c5eD7wYws.jpg
Daniel;Guillon;DanielGuillon@cy-tech.fr;x1pJPZh8;eleves;https://t3.ftcdn.net/jpg/03/46/83/96/360_F_346839683_6nAPzbhpSkIpb8pmAwufkC7c5eD7wYws.jpg
Claude;Gimenez;ClaudeGimenez@cy-tech.fr;bWfnQmGU;eleves;https://t3.ftcdn.net/jpg/03/46/83/96/360_F_346839683_6nAPzbhpSkIpb8pmAwufkC7c5eD7wYws.jpg
Victor;Hubert;VictorHubert@cy-tech.fr;hZoExjHM;eleves;https://t3.ftcdn.net/jpg/03/46/83/96/360_F_346839683_6nAPzbhpSkIpb8pmAwufkC7c5eD7wYws.jpg
Astrid;Fischer;AstridFischer@cy-tech.fr;G4rWHqTd;eleves;https://t3.ftcdn.net/jpg/03/46/83/96/360_F_346839683_6nAPzbhpSkIpb8pmAwufkC7c5eD7wYws.jpg
Philippe;De;PhilippeDe@cy-tech.fr;zMFWqyVN;eleves;https://t3.ftcdn.net/jpg/03/46/83/96/360_F_346839683_6nAPzbhpSkIpb8pmAwufkC7c5eD7wYws.jpg
Éric;Rousset;ÉricRousset@cy-tech.fr;UxIMqmb9;eleves;https://t3.ftcdn.net/jpg/03/46/83/96/360_F_346839683_6nAPzbhpSkIpb8pmAwufkC7c5eD7wYws.jpg
Océane;Gauthier;OcéaneGauthier@cy-tech.fr;a56DFCTI;eleves;https://t3.ftcdn.net/jpg/03/46/83/96/360_F_346839683_6nAPzbhpSkIpb8pmAwufkC7c5eD7wYws.jpg
Jules;Cohen;JulesCohen@cy-tech.fr;kf9Gdb0o;eleves;https://t3.ftcdn.net/jpg/03/46/83/96/360_F_346839683_6nAPzbhpSkIpb8pmAwufkC7c5eD7wYws.jpg
Patrick;Morin;PatrickMorin@cy-tech.fr;Xx5hB2Rg;eleves;https://t3.ftcdn.net/jpg/03/46/83/96/360_F_346839683_6nAPzbhpSkIpb8pmAwufkC7c5eD7wYws.jpg
Augustin;David-Rey;AugustinDavid-Rey@cy-tech.fr;zB1sMr7G;eleves;https://t3.ftcdn.net/jpg/03/46/83/96/360_F_346839683_6nAPzbhpSkIpb8pmAwufkC7c5eD7wYws.jpg
Dorothée;Albert;DorothéeAlbert@cy-tech.fr;QYF8byfg;eleves;https://t3.ftcdn.net/jpg/03/46/83/96/360_F_346839683_6nAPzbhpSkIpb8pmAwufkC7c5eD7wYws.jpg
Christophe-Honoré;Mallet;Christophe-HonoréMallet@cy-tech.fr;t9k7zrH2;eleves;https://t3.ftcdn.net/jpg/03/46/83/96/360_F_346839683_6nAPzbhpSkIpb8pmAwufkC7c5eD7wYws.jpg
Édouard;Leconte;ÉdouardLeconte@cy-tech.fr;0AVBXnEo;eleves;https://t3.ftcdn.net/jpg/03/46/83/96/360_F_346839683_6nAPzbhpSkIpb8pmAwufkC7c5eD7wYws.jpg
Dominique;Leclerc;DominiqueLeclerc@cy-tech.fr;bGAl7zp6;eleves;https://t3.ftcdn.net/jpg/03/46/83/96/360_F_346839683_6nAPzbhpSkIpb8pmAwufkC7c5eD7wYws.jpg
René;Picard;RenéPicard@cy-tech.fr;JnGOWMUe;eleves;https://t3.ftcdn.net/jpg/03/46/83/96/360_F_346839683_6nAPzbhpSkIpb8pmAwufkC7c5eD7wYws.jpg
Jules;Arnaud;JulesArnaud@cy-tech.fr;Gkl8Q5ot;eleves;https://t3.ftcdn.net/jpg/03/46/83/96/360_F_346839683_6nAPzbhpSkIpb8pmAwufkC7c5eD7wYws.jpg
Raymond-Édouard;Coulon;Raymond-ÉdouardCoulon@cy-tech.fr;Epouil3r;eleves;https://t3.ftcdn.net/jpg/03/46/83/96/360_F_346839683_6nAPzbhpSkIpb8pmAwufkC7c5eD7wYws.jpg
Joséphine;Martin;JoséphineMartin@cy-tech.fr;mrxCKksi;eleves;https://t3.ftcdn.net/jpg/03/46/83/96/360_F_346839683_6nAPzbhpSkIpb8pmAwufkC7c5eD7wYws.jpg
Nath;du;Nathdu@cy-tech.fr;WBhbwq5z;eleves;https://t3.ftcdn.net/jpg/03/46/83/96/360_F_346839683_6nAPzbhpSkIpb8pmAwufkC7c5eD7wYws.jpg
Anouk;Fournier;AnoukFournier@cy-tech.fr;xzVs2udS;eleves;https://t3.ftcdn.net/jpg/03/46/83/96/360_F_346839683_6nAPzbhpSkIpb8pmAwufkC7c5eD7wYws.jpg
