Identifiant;Email;Mdp
Dupre;Gabriel-VictorDupre@cy-tech.fr;c3jGboAM
Ribeiro;MarcRibeiro@cy-tech.fr;eCb3DBgv
Sauvage;SusanSauvage@cy-tech.fr;sNTiCcG7
Alves;Denis-AdrienAlves@cy-tech.fr;h3VPnjqX
Levy;MichelLevy@cy-tech.fr;21YWN7t9
Boulay;AdélaïdeBoulay@cy-tech.fr;9wuZPTWa
Seguin;MartheSeguin@cy-tech.fr;utBw3LlQ
Jacquet;NoëlJacquet@cy-tech.fr;XWkw3ICQ
Mallet;MoniqueMallet@cy-tech.fr;rjzsYPLg
Lamy-Besson;CharlesLamy-Besson@cy-tech.fr;fMmIBhoz
Herve;FrançoisHerve@cy-tech.fr;DbV6GXtW
Hamel;MarineHamel@cy-tech.fr;dth4BaYe
Marie;CarolineMarie@cy-tech.fr;Ka4F9cAu
Lemaitre;JeannineLemaitre@cy-tech.fr;3jck8XAt
Humbert;JoséphineHumbert@cy-tech.fr;mfa35cUx
Lenoir;BenoîtLenoir@cy-tech.fr;gZLifOQe
Marty;PénélopeMarty@cy-tech.fr;TEhwg8Ki
Ramos;AlfredRamos@cy-tech.fr;sGJuQENY
Normand;PhilippineNormand@cy-tech.fr;jwh4lgaQ
Dufour-Gallet;LucDufour-Gallet@cy-tech.fr;OTQCW5JG
Gros;CorinneGros@cy-tech.fr;mWjZceTq
Dijoux;IsabelleDijoux@cy-tech.fr;nr9mQf5o
Gaillard;DominiqueGaillard@cy-tech.fr;nEe1OGKi
Ribeiro;PénélopeRibeiro@cy-tech.fr;M56kINuA
Marchal;ZacharieMarchal@cy-tech.fr;BlSz9ocb
Guillou;MarcGuillou@cy-tech.fr;AOpH71t6
Masson;BenjaminMasson@cy-tech.fr;HlmAC4FW
Bonnet;GeorgesBonnet@cy-tech.fr;T3kigVzL
Foucher;JérômeFoucher@cy-tech.fr;kv0fLsZ8
Faure;EmmanuelleFaure@cy-tech.fr;AThwVDd3
Louis;DavidLouis@cy-tech.fr;az3jH20t
Rocher;AndréeRocher@cy-tech.fr;hM5u7ypQ
Guerin;GérardGuerin@cy-tech.fr;350IlNCS
Bailly;CarolineBailly@cy-tech.fr;mnQyT3Bl
Lucas;ChristelleLucas@cy-tech.fr;OQVlqi1u
Morel;HuguesMorel@cy-tech.fr;cSTQkhtO
Blanc;Thibault-CharlesBlanc@cy-tech.fr;6UobdWzy
Allard;Étienne-GilbertAllard@cy-tech.fr;zLoRiJej
Bernard;ZacharieBernard@cy-tech.fr;GJEmFR4i
Lopez;daisyLopez@cy-tech.fr;Pmq9Qshx
Legendre;Émile-OlivierLegendre@cy-tech.fr;6l5TgvBz
Leclerc;ClaireLeclerc@cy-tech.fr;GyeOWuwQ
Bonnet;RaymondBonnet@cy-tech.fr;pQFiBcGa
Leblanc;ClémenceLeblanc@cy-tech.fr;dTrwtoEv
Marin;GilbertMarin@cy-tech.fr;ZEeJ5wbv
Humbert-Barbe;NoémiHumbert-Barbe@cy-tech.fr;CAqOJyHu
de;Étiennede@cy-tech.fr;0DJPx3hE
de;Philippinede@cy-tech.fr;bkR5oW3D
Thibault;JulietteThibault@cy-tech.fr;clEN6L0G
de;Françoisde@cy-tech.fr;jvDda96B
du;Léondu@cy-tech.fr;wXpI9DT2
Alves;MauriceAlves@cy-tech.fr;9IvJHa7m
Blanc;MarieBlanc@cy-tech.fr;J9U8Ahyq
Clement;Denise-AlexandrieClement@cy-tech.fr;JRPGzw3L
Ribeiro;LucRibeiro@cy-tech.fr;BWVYczbR
du;Charlottedu@cy-tech.fr;ozxfQEUk
du;Michèledu@cy-tech.fr;NYqZjh6l
Maillet;HortenseMaillet@cy-tech.fr;ACirxGTW
Chauveau;FrançoiseChauveau@cy-tech.fr;fdHYCakz
Le;JeanneLe@cy-tech.fr;3xZo4FiC
Giraud;LouisGiraud@cy-tech.fr;oHOgYrG2
Lemaire;HuguesLemaire@cy-tech.fr;uMntBHbL
Roy-Perret;YvesRoy-Perret@cy-tech.fr;lYHmZeuW
Riou;IsaacRiou@cy-tech.fr;zVe2OQ4f
Mace-Carre;DanielMace-Carre@cy-tech.fr;nd183Nco
Normand;LaurenceNormand@cy-tech.fr;bNv7p9aM
Etienne;AntoineEtienne@cy-tech.fr;hUAV1Yio
Le;ÉricLe@cy-tech.fr;KkmSgCL5
Rolland;LucasRolland@cy-tech.fr;5ZuNGoQX
Barre-Vallee;FrédériqueBarre-Vallee@cy-tech.fr;p6d3mL1N
Bailly;LaurenceBailly@cy-tech.fr;DWKidOoJ
Evrard;NoémiEvrard@cy-tech.fr;H0hfIDa8
Faivre;ThibaultFaivre@cy-tech.fr;39KvwrFn
de;Suzannede@cy-tech.fr;P04RdHEM
Dumas;EugèneDumas@cy-tech.fr;9Y3e4JH2
Vidal;MichelleVidal@cy-tech.fr;AL2ESsNJ
Gomez;RenéGomez@cy-tech.fr;SiZQr0Bj
Lebreton;DeniseLebreton@cy-tech.fr;ytFZ9fOu
Godard-Clerc;DavidGodard-Clerc@cy-tech.fr;C5Ij4Bxv
Leroux;FrançoisLeroux@cy-tech.fr;EfMqVK8c
Cordier;CélinaCordier@cy-tech.fr;n2oEk54a
Turpin;MarcelleTurpin@cy-tech.fr;jHEeKPqa
Guillou;BenjaminGuillou@cy-tech.fr;GpHFNiyQ
Renault-Jean;LucasRenault-Jean@cy-tech.fr;fOB1Rybn
du;Gabrieldu@cy-tech.fr;1QBfNkwP
de;Anaïsde@cy-tech.fr;9UstSNAk
Techer;AgatheTecher@cy-tech.fr;oAglYvNU
du;Étiennedu@cy-tech.fr;12MGcLr9
Richard;AndréeRichard@cy-tech.fr;dJs2GLc5
Chevallier;AntoinetteChevallier@cy-tech.fr;IxEFcTQY
Le;AlphonseLe@cy-tech.fr;iZqsbc0G
Maillard;LucasMaillard@cy-tech.fr;6QIH9OE0
Leleu;AndréLeleu@cy-tech.fr;Hvr3dzOq
Riou;EmmanuelRiou@cy-tech.fr;KCpEzYQU
Lesage;DavidLesage@cy-tech.fr;RMrQ7bUe
Dubois;GrégoireDubois@cy-tech.fr;J46TKbRC
Leclercq;PauletteLeclercq@cy-tech.fr;DgT5RYr2
Faure;ThierryFaure@cy-tech.fr;jUxeMuWh
Boyer;PierreBoyer@cy-tech.fr;gjM8WqUN
Benard-Charpentier;ÉricBenard-Charpentier@cy-tech.fr;UOiEdoBD
Gauthier-Martineau;MarcelleGauthier-Martineau@cy-tech.fr;dtMi4BuC
Delmas;ChristianeDelmas@cy-tech.fr;HAQPBzrG
Cousin;CorinneCousin@cy-tech.fr;B85MDFoQ
du;Williamdu@cy-tech.fr;N3Vi87Ye
Maurice;RenéeMaurice@cy-tech.fr;B5XUL9ow
Weber;ZacharieWeber@cy-tech.fr;m9YofFSI
Rousseau;LouisRousseau@cy-tech.fr;zvJlDIu3
Hamel;PhilippeHamel@cy-tech.fr;eOWtRX3k
Mercier;ÉliseMercier@cy-tech.fr;TPUMavAD
Chauvet;BernardChauvet@cy-tech.fr;jmOD3QMF
Pasquier;ThéodorePasquier@cy-tech.fr;xhvFkiJ7
Begue;AdèleBegue@cy-tech.fr;TzPRnbYq
Dumont;AdrienDumont@cy-tech.fr;67nd9Nlg
Ferrand-Texier;GilbertFerrand-Texier@cy-tech.fr;FvueGBDX
Rocher;AnastasieRocher@cy-tech.fr;3xomkJGd
Le;FranckLe@cy-tech.fr;mLSBD89o
Renault;MichelRenault@cy-tech.fr;LGmwH9Eh
Wagner;Margaud-LaureWagner@cy-tech.fr;A5Imr0DS
de;Suzannede@cy-tech.fr;bXZFS1s2
Ferrand;DavidFerrand@cy-tech.fr;1frYUNCR
Duhamel;FrançoisDuhamel@cy-tech.fr;Hv5UekSd
Blot-Barbier;FranckBlot-Barbier@cy-tech.fr;IFRE6JBy
Martins;BenjaminMartins@cy-tech.fr;lmI3Zcn8
du;Huguesdu@cy-tech.fr;NoqWCxPj
Pons-Alves;JoséphinePons-Alves@cy-tech.fr;LSJfo4uG
Martin;DianeMartin@cy-tech.fr;Wx48KM9F
Fournier;AugusteFournier@cy-tech.fr;6tb73a8Y
Louis;ThéodoreLouis@cy-tech.fr;X4IFu1HG
Joubert;ChantalJoubert@cy-tech.fr;l6Jc907v
Bouvet;InèsBouvet@cy-tech.fr;8h2uD4lf
Le;SylvieLe@cy-tech.fr;X9RPgGfZ
Ollivier;Anouk-PénélopeOllivier@cy-tech.fr;r8jPsc0h
Evrard;OlivieEvrard@cy-tech.fr;8kShecMo
Roche;AugustinRoche@cy-tech.fr;hTodlePx
du;Marcelledu@cy-tech.fr;lm8WVqB5
Loiseau;AntoineLoiseau@cy-tech.fr;uYq5kdyU
Pottier;JérômePottier@cy-tech.fr;zsWQd0O1
Lesage;JulieLesage@cy-tech.fr;T9NGxYjo
Guibert;JacquesGuibert@cy-tech.fr;YZyJrk29
Albert;Paulette-ValérieAlbert@cy-tech.fr;gWCSwRDf
Lefort-Letellier;AntoineLefort-Letellier@cy-tech.fr;HhZLfWIG
de;Josettede@cy-tech.fr;tEmCKzy8
Deschamps;PénélopeDeschamps@cy-tech.fr;8j6XV59q
Meyer;ThérèseMeyer@cy-tech.fr;oSVHsZJr
Guyot;MarcelGuyot@cy-tech.fr;fbqQPynR
Bernard;DanielBernard@cy-tech.fr;i1CoQVhd
Fernandez;JulieFernandez@cy-tech.fr;gNweBd5I
Lesage;HuguesLesage@cy-tech.fr;Pprx4noK
Guibert-Huet;ZoéGuibert-Huet@cy-tech.fr;b8rHaxzp
Gauthier;AugustinGauthier@cy-tech.fr;95r7KwUT
Le;LuceLe@cy-tech.fr;dq0QTgUF
Boulanger;StéphaneBoulanger@cy-tech.fr;APXzcHmx
Loiseau;AlfredLoiseau@cy-tech.fr;gJcmfldQ
Le;BrigitteLe@cy-tech.fr;X2JwoixY
Guillot;AliceGuillot@cy-tech.fr;fyvZX5Uo
Le;LucyLe@cy-tech.fr;Ppb7rwDV
Charpentier-Leroux;MadeleineCharpentier-Leroux@cy-tech.fr;RPWTIuaG
du;Emmanueldu@cy-tech.fr;lUBzcjhS
de;Bernardde@cy-tech.fr;PH3RAiaI
Auger;CélineAuger@cy-tech.fr;MoefBITZ
Picard;AugustePicard@cy-tech.fr;4ynRD6Ez
Allain;AugustinAllain@cy-tech.fr;78krcqZf
Pichon;AurorePichon@cy-tech.fr;oYfG1rVp
Bruneau;Danielle-JoséphineBruneau@cy-tech.fr;COVxNX41
Nguyen;OcéaneNguyen@cy-tech.fr;rhqXubf2
Perret;AlexandrePerret@cy-tech.fr;TVRjndQW
Vasseur;GabrielleVasseur@cy-tech.fr;RryiFEQC
Mary;PierreMary@cy-tech.fr;ewt8FBP0
Guibert;MichelleGuibert@cy-tech.fr;57nkm146
de;Margueritede@cy-tech.fr;Buz0Flx6
Vasseur;VictorVasseur@cy-tech.fr;rHvk65EZ
Bonnet;Simone-GabrielleBonnet@cy-tech.fr;ZMBDcPhk
Menard;Adrien-XavierMenard@cy-tech.fr;a4dHW0Fq
Carlier;MarcelCarlier@cy-tech.fr;5tvk1asb
Muller;ZacharieMuller@cy-tech.fr;oqnHik53
Mendes;AndréeMendes@cy-tech.fr;3loDAbVh
Clerc-Maillard;AugusteClerc-Maillard@cy-tech.fr;PleVNQKJ
Maillard;LéonMaillard@cy-tech.fr;6exQruHZ
Poulain;JeannePoulain@cy-tech.fr;Bc3YvW6n
Thomas;FrançoisThomas@cy-tech.fr;akKi1msA
Bouvier;AndréBouvier@cy-tech.fr;bDyxpHUB
Lecomte;MoniqueLecomte@cy-tech.fr;m8XCaKoE
Dufour;GérardDufour@cy-tech.fr;re1WhO6w
Andre;WilliamAndre@cy-tech.fr;3qIRs8kV
Blanchet;GabrielBlanchet@cy-tech.fr;m7KYkZO5
Maillot-Guyot;FrédériqueMaillot-Guyot@cy-tech.fr;rHq1UKPN
Deschamps;GilbertDeschamps@cy-tech.fr;3W9YbKeq
Blondel;ÉlisabethBlondel@cy-tech.fr;jCO1LB9E
Tanguy;Henriette-MartheTanguy@cy-tech.fr;NULmq5gQ
Guillon;DanielGuillon@cy-tech.fr;arcZ8LOK
Gimenez;ClaudeGimenez@cy-tech.fr;xyL5W0ej
Hubert;VictorHubert@cy-tech.fr;jGTrC4bw
Fischer;AstridFischer@cy-tech.fr;0p1Zxwty
De;PhilippeDe@cy-tech.fr;RTkPs9XM
Rousset;ÉricRousset@cy-tech.fr;hB5ebX6Q
Gauthier;OcéaneGauthier@cy-tech.fr;2Ir8PE0G
Cohen;JulesCohen@cy-tech.fr;licqItrW
Morin;PatrickMorin@cy-tech.fr;nep8KYHs
David-Rey;AugustinDavid-Rey@cy-tech.fr;Lv3suCQ4
Albert;DorothéeAlbert@cy-tech.fr;qoR05F8W
Mallet;Christophe-HonoréMallet@cy-tech.fr;tojUrGTI
Leconte;ÉdouardLeconte@cy-tech.fr;1VNl5OKp
Leclerc;DominiqueLeclerc@cy-tech.fr;w9PInNCu
Picard;RenéPicard@cy-tech.fr;6D8avBtM
Arnaud;JulesArnaud@cy-tech.fr;3mOvEpPC
Coulon;Raymond-ÉdouardCoulon@cy-tech.fr;N9j6faVz
Martin;JoséphineMartin@cy-tech.fr;tFI5Cv7i
du;Nathdu@cy-tech.fr;tFueBpwc
Fournier;AnoukFournier@cy-tech.fr;G13pjADa
